created,number,category,description,closure_notes
2/3/24 14:35,INC2071326,Hardware Issues,Screen flickering,Resolved after troubleshooting
2/9/24 22:38,INC5934813,Network Problems,Slow internet speeds,Escalated to higher tier
1/23/24 9:40,INC8222135,Login Issues,Unable to login to system,User guided through steps
3/16/24 14:48,INC8474116,VPN Issues,VPN not connecting,User guided through steps
2/12/24 17:02,INC5242403,Email Problems,Spam filter blocking legitimate emails,Resolved after troubleshooting
1/20/24 15:23,INC7965029,Login Issues,Password reset required,Escalated to higher tier
1/23/24 22:30,INC3823600,Network Problems,No internet connection,User guided through steps
2/14/24 5:21,INC5897601,Email Problems,Not receiving email,User guided through steps
2/2/24 22:37,INC5858578,Email Problems,Cannot send email,Resolved after troubleshooting
3/1/24 7:18,INC8034334,Hardware Issues,Printer not printing,Resolved after troubleshooting
2/29/24 8:10,INC7601358,Network Problems,Slow internet speeds,Hardware replaced
2/23/24 5:49,INC9044087,Network Problems,WiFi keeps disconnecting,Escalated to higher tier
1/1/24 17:24,INC6714730,Network Problems,Network drive not accessible,Escalated to higher tier
1/22/24 1:18,INC5211608,VPN Issues,Unable to access certain sites over VPN,Escalated to higher tier
1/1/24 6:40,INC7616866,Application Issues,Feature not working as expected,Resolved after troubleshooting
1/16/24 16:46,INC9726798,Network Problems,Network drive not accessible,Resolved after troubleshooting
1/6/24 11:07,INC9001033,Hardware Issues,Screen flickering,Resolved after troubleshooting
2/20/24 11:04,INC6044688,Hardware Issues,Screen flickering,User guided through steps
2/9/24 23:20,INC2481154,VPN Issues,VPN connection dropping frequently,Hardware replaced
1/15/24 16:04,INC2372120,Email Problems,Spam filter blocking legitimate emails,User guided through steps
1/17/24 15:11,INC1577571,VPN Issues,Slow VPN connection speeds,Resolved after troubleshooting
3/4/24 2:30,INC9593060,Login Issues,Two-factor authentication not working,Hardware replaced
2/22/24 6:00,INC4312268,Hardware Issues,Printer not printing,User guided through steps
2/26/24 15:13,INC2019437,VPN Issues,VPN not connecting,Resolved after troubleshooting
2/2/24 7:44,INC4506713,Login Issues,Unable to login to system,User guided through steps
1/22/24 13:56,INC5227213,Login Issues,Account locked out,User guided through steps
2/24/24 3:12,INC1260509,VPN Issues,VPN not connecting,User guided through steps
3/5/24 11:31,INC7737896,VPN Issues,VPN connection dropping frequently,User guided through steps
2/18/24 0:51,INC7541426,Network Problems,No internet connection,Escalated to higher tier
2/14/24 8:29,INC2809131,Network Problems,WiFi keeps disconnecting,Escalated to higher tier
3/5/24 16:48,INC1572775,Email Problems,Spam filter blocking legitimate emails,User guided through steps
2/21/24 12:44,INC5964873,Email Problems,Email attachment too large,Hardware replaced
2/14/24 22:26,INC6493070,Network Problems,Network drive not accessible,Escalated to higher tier
2/2/24 17:05,INC6089760,Hardware Issues,Keyboard keys not working,Hardware replaced
2/29/24 16:12,INC6763001,Login Issues,Unable to login to system,Resolved after troubleshooting
2/27/24 17:42,INC8617837,Email Problems,Cannot send email,User guided through steps
1/22/24 3:26,INC7243615,VPN Issues,Slow VPN connection speeds,Resolved after troubleshooting
3/16/24 14:13,INC9116430,Login Issues,Account locked out,User guided through steps
1/24/24 13:06,INC5972362,Email Problems,Spam filter blocking legitimate emails,User guided through steps
1/24/24 23:04,INC3597036,Login Issues,Account locked out,User guided through steps
2/20/24 16:08,INC8404538,Login Issues,Account locked out,Hardware replaced
3/2/24 8:29,INC3814197,Network Problems,Slow internet speeds,User guided through steps
3/12/24 4:45,INC2128747,VPN Issues,VPN connection dropping frequently,Hardware replaced
2/26/24 0:48,INC5155711,Hardware Issues,Keyboard keys not working,Escalated to higher tier
1/18/24 12:25,INC3460826,Login Issues,Account locked out,Hardware replaced
2/10/24 21:34,INC9145794,VPN Issues,VPN not connecting,Hardware replaced
3/6/24 15:04,INC7051795,VPN Issues,Slow VPN connection speeds,User guided through steps
1/13/24 15:51,INC6691324,VPN Issues,VPN not connecting,User guided through steps
1/19/24 4:39,INC2826961,Hardware Issues,Printer not printing,Resolved after troubleshooting
1/14/24 21:18,INC8249852,VPN Issues,Unable to access certain sites over VPN,Escalated to higher tier
2/3/24 9:22,INC3079275,Hardware Issues,Keyboard keys not working,User guided through steps
2/12/24 10:40,INC9014428,VPN Issues,VPN not connecting,User guided through steps
2/7/24 9:54,INC3961915,Application Issues,Application crashing on start,User guided through steps
2/23/24 14:32,INC1325452,VPN Issues,Unable to access certain sites over VPN,Hardware replaced
2/19/24 17:15,INC1378314,VPN Issues,VPN not connecting,Hardware replaced
1/22/24 0:12,INC9603180,Hardware Issues,Computer not turning on,Resolved after troubleshooting
1/22/24 0:35,INC3084648,Hardware Issues,Keyboard keys not working,Escalated to higher tier
3/11/24 9:25,INC1374761,Email Problems,Cannot send email,Escalated to higher tier
2/18/24 22:46,INC2942093,VPN Issues,VPN connection dropping frequently,Resolved after troubleshooting
1/15/24 7:49,INC1405654,Email Problems,Cannot send email,User guided through steps
2/7/24 21:50,INC5858567,VPN Issues,VPN connection dropping frequently,Resolved after troubleshooting
1/6/24 4:52,INC5443708,Network Problems,Network drive not accessible,Escalated to higher tier
3/11/24 2:17,INC3590691,Hardware Issues,Computer not turning on,User guided through steps
1/29/24 19:34,INC5670041,Network Problems,Slow internet speeds,User guided through steps
1/27/24 23:17,INC4621604,Login Issues,Two-factor authentication not working,Hardware replaced
1/17/24 2:52,INC7574198,Email Problems,Not receiving email,Resolved after troubleshooting
3/12/24 19:48,INC4997246,VPN Issues,VPN not connecting,User guided through steps
3/16/24 14:48,INC2455614,Hardware Issues,Screen flickering,User guided through steps
1/19/24 3:10,INC3605097,Network Problems,Network drive not accessible,Resolved after troubleshooting
1/26/24 12:02,INC7784167,Application Issues,Feature not working as expected,Hardware replaced
3/14/24 18:38,INC9678604,Email Problems,Cannot send email,Resolved after troubleshooting
3/15/24 22:13,INC4716288,Login Issues,Unable to login to system,Resolved after troubleshooting
1/17/24 3:02,INC5930874,VPN Issues,VPN connection dropping frequently,Escalated to higher tier
3/3/24 6:40,INC3260576,Application Issues,Error message displayed in application,Hardware replaced
1/19/24 17:41,INC9427306,Application Issues,Error message displayed in application,Escalated to higher tier
2/1/24 18:01,INC3179007,Network Problems,Slow internet speeds,Hardware replaced
2/29/24 7:14,INC6816569,Hardware Issues,Computer not turning on,User guided through steps
3/7/24 18:09,INC8810144,Login Issues,Password reset required,User guided through steps
2/2/24 10:48,INC5861743,VPN Issues,VPN connection dropping frequently,Hardware replaced
2/23/24 12:42,INC7864032,Hardware Issues,Screen flickering,Resolved after troubleshooting
1/22/24 4:41,INC3560820,VPN Issues,Unable to access certain sites over VPN,Resolved after troubleshooting
1/30/24 21:21,INC7540235,Hardware Issues,Keyboard keys not working,Resolved after troubleshooting
1/20/24 20:43,INC8295628,Hardware Issues,Printer not printing,User guided through steps
1/21/24 18:49,INC9427716,Network Problems,Slow internet speeds,Hardware replaced
2/16/24 5:25,INC1030062,Login Issues,Account locked out,Escalated to higher tier
2/10/24 13:16,INC1498375,VPN Issues,Unable to access certain sites over VPN,User guided through steps
1/5/24 7:30,INC2531837,Hardware Issues,Computer not turning on,Escalated to higher tier
1/9/24 19:34,INC4763384,Network Problems,Slow internet speeds,User guided through steps
2/3/24 22:25,INC8474661,Network Problems,Slow internet speeds,Resolved after troubleshooting
1/31/24 2:47,INC6659706,Email Problems,Cannot send email,Hardware replaced
3/2/24 8:49,INC3197513,VPN Issues,Slow VPN connection speeds,Escalated to higher tier
3/10/24 22:04,INC2846316,Hardware Issues,Keyboard keys not working,Hardware replaced
3/8/24 9:22,INC4708684,Network Problems,Network drive not accessible,Resolved after troubleshooting
2/4/24 13:01,INC9343624,Email Problems,Cannot send email,User guided through steps
1/19/24 7:30,INC2063818,Login Issues,Two-factor authentication not working,Resolved after troubleshooting
2/3/24 16:41,INC4584957,VPN Issues,Unable to access certain sites over VPN,Escalated to higher tier
1/30/24 13:34,INC2024938,Login Issues,Two-factor authentication not working,User guided through steps
1/26/24 19:20,INC8785966,Email Problems,Email attachment too large,Hardware replaced
3/17/24 4:31,INC8833847,Hardware Issues,Screen flickering,Escalated to higher tier
1/18/24 2:59,INC9488327,Login Issues,Unable to login to system,Resolved after troubleshooting
2/14/24 18:14,INC3553629,Hardware Issues,Printer not printing,Escalated to higher tier
1/24/24 13:28,INC4816529,VPN Issues,Slow VPN connection speeds,Resolved after troubleshooting
1/6/24 0:57,INC8275405,Network Problems,WiFi keeps disconnecting,Escalated to higher tier
2/21/24 7:56,INC8666478,Login Issues,Unable to login to system,Hardware replaced
2/24/24 17:28,INC9470482,Email Problems,Email attachment too large,Resolved after troubleshooting
2/14/24 11:57,INC5849027,VPN Issues,VPN not connecting,User guided through steps
2/12/24 0:55,INC4664067,Network Problems,No internet connection,User guided through steps
1/15/24 19:39,INC9739597,Network Problems,Slow internet speeds,Resolved after troubleshooting
2/27/24 4:34,INC8847697,Hardware Issues,Computer not turning on,Escalated to higher tier
1/19/24 20:44,INC7837214,Application Issues,Application running very slowly,User guided through steps
2/25/24 15:05,INC9916081,VPN Issues,Slow VPN connection speeds,Escalated to higher tier
1/4/24 12:07,INC6964003,Hardware Issues,Keyboard keys not working,Escalated to higher tier
2/19/24 23:44,INC4552388,Email Problems,Email attachment too large,User guided through steps
3/9/24 17:14,INC7103043,Hardware Issues,Printer not printing,User guided through steps
1/31/24 20:38,INC6110443,Login Issues,Unable to login to system,User guided through steps
1/11/24 15:16,INC3774160,Network Problems,No internet connection,Resolved after troubleshooting
1/11/24 9:26,INC8013413,Hardware Issues,Keyboard keys not working,Hardware replaced
2/14/24 18:40,INC6880605,Hardware Issues,Computer not turning on,Hardware replaced
3/11/24 1:29,INC3557150,Application Issues,Error message displayed in application,Resolved after troubleshooting
2/19/24 17:51,INC6403252,VPN Issues,Slow VPN connection speeds,Hardware replaced
2/17/24 15:44,INC1585597,Login Issues,Password reset required,Escalated to higher tier
1/15/24 12:38,INC5586647,Email Problems,Not receiving email,Escalated to higher tier
2/14/24 12:32,INC5984545,VPN Issues,VPN not connecting,Resolved after troubleshooting
1/3/24 14:38,INC4902364,VPN Issues,VPN connection dropping frequently,Resolved after troubleshooting
1/19/24 13:06,INC7246221,VPN Issues,Slow VPN connection speeds,Hardware replaced
1/16/24 1:50,INC7090890,Login Issues,Account locked out,Hardware replaced
3/1/24 0:37,INC8483260,VPN Issues,Slow VPN connection speeds,User guided through steps
1/9/24 14:36,INC2268158,Application Issues,Application running very slowly,Hardware replaced
1/17/24 3:20,INC5000555,Hardware Issues,Computer not turning on,Hardware replaced
2/10/24 6:22,INC4587739,VPN Issues,Unable to access certain sites over VPN,Resolved after troubleshooting
1/15/24 22:07,INC2431671,VPN Issues,VPN not connecting,Hardware replaced
1/6/24 11:57,INC6663512,Email Problems,Not receiving email,Escalated to higher tier
1/24/24 18:34,INC5642935,Network Problems,Network drive not accessible,Escalated to higher tier
1/17/24 22:59,INC3620792,VPN Issues,Slow VPN connection speeds,Hardware replaced
3/16/24 7:52,INC9244937,VPN Issues,Slow VPN connection speeds,Resolved after troubleshooting
1/7/24 10:05,INC4748915,Login Issues,Unable to login to system,User guided through steps
1/12/24 2:14,INC5323353,Email Problems,Email attachment too large,Escalated to higher tier
3/9/24 5:06,INC6995953,Network Problems,Network drive not accessible,Hardware replaced
1/22/24 12:32,INC3114271,Application Issues,Application crashing on start,User guided through steps
3/16/24 20:05,INC2478428,Application Issues,Application crashing on start,User guided through steps
1/29/24 5:15,INC2718905,Login Issues,Two-factor authentication not working,Resolved after troubleshooting
1/7/24 6:55,INC6740921,Network Problems,No internet connection,Escalated to higher tier
2/27/24 3:27,INC8347424,Login Issues,Account locked out,Hardware replaced
2/29/24 20:35,INC1733666,Network Problems,WiFi keeps disconnecting,Hardware replaced
2/26/24 5:51,INC4371138,Login Issues,Password reset required,User guided through steps
2/14/24 23:16,INC2130336,VPN Issues,VPN connection dropping frequently,Escalated to higher tier
1/13/24 18:03,INC4537801,Hardware Issues,Printer not printing,Hardware replaced
3/3/24 22:10,INC9665958,Login Issues,Unable to login to system,Hardware replaced
2/7/24 3:55,INC9022907,VPN Issues,VPN connection dropping frequently,Hardware replaced
2/17/24 16:48,INC6270497,Email Problems,Email attachment too large,Escalated to higher tier
1/25/24 10:42,INC7321610,Hardware Issues,Keyboard keys not working,User guided through steps
2/28/24 17:14,INC1434177,Application Issues,Error message displayed in application,Resolved after troubleshooting
1/20/24 8:04,INC9093417,Hardware Issues,Keyboard keys not working,Resolved after troubleshooting
3/13/24 15:33,INC9142655,Email Problems,Cannot send email,Resolved after troubleshooting
2/21/24 18:02,INC7179702,Login Issues,Account locked out,Escalated to higher tier
1/11/24 6:00,INC9507909,VPN Issues,VPN not connecting,Hardware replaced
3/8/24 11:13,INC9812489,Application Issues,Application running very slowly,Resolved after troubleshooting
3/6/24 5:46,INC7847373,Network Problems,WiFi keeps disconnecting,User guided through steps
3/4/24 18:47,INC6838989,VPN Issues,VPN connection dropping frequently,Escalated to higher tier
3/1/24 20:13,INC6861707,Login Issues,Password reset required,User guided through steps
2/1/24 20:58,INC2226916,Application Issues,Application crashing on start,Escalated to higher tier
1/29/24 2:42,INC8704376,Hardware Issues,Keyboard keys not working,Escalated to higher tier
3/11/24 15:11,INC6111844,Application Issues,Feature not working as expected,User guided through steps
1/31/24 13:49,INC1186548,Login Issues,Two-factor authentication not working,Escalated to higher tier
2/29/24 16:21,INC7622730,Network Problems,WiFi keeps disconnecting,User guided through steps
3/10/24 7:14,INC5357560,Network Problems,Network drive not accessible,Resolved after troubleshooting
2/23/24 9:33,INC2916105,VPN Issues,Unable to access certain sites over VPN,Escalated to higher tier
1/18/24 5:17,INC4185074,Application Issues,Application running very slowly,Resolved after troubleshooting
2/3/24 20:45,INC4759951,Email Problems,Spam filter blocking legitimate emails,User guided through steps
1/30/24 2:39,INC5616538,VPN Issues,VPN connection dropping frequently,User guided through steps
2/17/24 18:36,INC9752915,Application Issues,Feature not working as expected,Resolved after troubleshooting
1/18/24 10:18,INC4071056,Hardware Issues,Computer not turning on,Escalated to higher tier
1/28/24 19:49,INC5489894,Hardware Issues,Keyboard keys not working,Escalated to higher tier
1/2/24 6:00,INC4857650,VPN Issues,Unable to access certain sites over VPN,Resolved after troubleshooting
1/13/24 7:05,INC1890276,VPN Issues,Unable to access certain sites over VPN,Escalated to higher tier
1/12/24 15:09,INC4393102,Network Problems,Slow internet speeds,Hardware replaced
2/14/24 4:27,INC4673174,Login Issues,Unable to login to system,Hardware replaced
1/26/24 14:03,INC5008622,Email Problems,Email attachment too large,Hardware replaced
1/4/24 15:18,INC5273021,Login Issues,Password reset required,Hardware replaced
2/4/24 3:51,INC1622480,Login Issues,Unable to login to system,Escalated to higher tier
1/19/24 22:58,INC3409179,Email Problems,Not receiving email,Resolved after troubleshooting
2/2/24 10:31,INC8108862,Email Problems,Email attachment too large,Hardware replaced
1/1/24 10:49,INC2885353,Login Issues,Password reset required,Resolved after troubleshooting
1/26/24 5:47,INC3908766,Email Problems,Spam filter blocking legitimate emails,User guided through steps
2/25/24 16:13,INC3862305,VPN Issues,VPN not connecting,Hardware replaced
3/12/24 19:56,INC4833755,Login Issues,Unable to login to system,Hardware replaced
2/26/24 13:12,INC3387855,Network Problems,No internet connection,User guided through steps
1/21/24 3:48,INC2865127,Network Problems,WiFi keeps disconnecting,User guided through steps
1/22/24 8:36,INC1512780,Login Issues,Unable to login to system,Escalated to higher tier
3/2/24 7:33,INC1892010,Application Issues,Application crashing on start,Hardware replaced
1/7/24 4:15,INC8320847,Login Issues,Two-factor authentication not working,Escalated to higher tier
2/18/24 22:34,INC4615222,Network Problems,Network drive not accessible,Escalated to higher tier
3/4/24 1:34,INC3730572,Network Problems,Slow internet speeds,Resolved after troubleshooting
1/21/24 2:39,INC2222889,Application Issues,Application crashing on start,User guided through steps
3/15/24 13:06,INC7896565,Login Issues,Account locked out,Hardware replaced
1/4/24 19:17,INC8975387,Login Issues,Account locked out,Resolved after troubleshooting
2/14/24 21:47,INC2816843,Application Issues,Error message displayed in application,Hardware replaced
2/12/24 9:29,INC7588093,Login Issues,Password reset required,User guided through steps
2/11/24 10:53,INC2741559,Email Problems,Spam filter blocking legitimate emails,User guided through steps
2/10/24 18:10,INC1904266,Hardware Issues,Computer not turning on,User guided through steps
2/23/24 23:29,INC6263212,Email Problems,Cannot send email,Escalated to higher tier
1/20/24 13:40,INC8504392,Network Problems,Slow internet speeds,Resolved after troubleshooting
2/29/24 12:31,INC2141783,Login Issues,Account locked out,Escalated to higher tier
2/8/24 23:06,INC4346070,Application Issues,Application running very slowly,Escalated to higher tier
3/2/24 9:49,INC2951938,Email Problems,Cannot send email,Escalated to higher tier
3/8/24 6:42,INC8253975,Email Problems,Email attachment too large,Hardware replaced
2/16/24 3:39,INC8272040,Network Problems,Slow internet speeds,Resolved after troubleshooting
1/28/24 20:42,INC5559224,VPN Issues,Unable to access certain sites over VPN,Escalated to higher tier
2/18/24 9:49,INC5156588,Hardware Issues,Computer not turning on,User guided through steps
2/21/24 18:20,INC2673081,VPN Issues,VPN not connecting,Resolved after troubleshooting
2/3/24 2:10,INC1574062,VPN Issues,Slow VPN connection speeds,User guided through steps
1/21/24 2:55,INC7442799,Network Problems,Network drive not accessible,Escalated to higher tier
2/2/24 8:29,INC3462829,Email Problems,Cannot send email,Resolved after troubleshooting
2/19/24 17:31,INC4292832,Login Issues,Unable to login to system,Hardware replaced
1/3/24 11:48,INC2409797,VPN Issues,Unable to access certain sites over VPN,User guided through steps
3/13/24 8:38,INC6797486,Application Issues,Application running very slowly,Escalated to higher tier
2/17/24 3:13,INC9341691,Email Problems,Cannot send email,Escalated to higher tier
1/8/24 10:27,INC3170137,Login Issues,Account locked out,User guided through steps
3/9/24 1:05,INC5141595,Application Issues,Error message displayed in application,Resolved after troubleshooting
1/27/24 7:28,INC2277158,Application Issues,Application crashing on start,Resolved after troubleshooting
2/5/24 10:30,INC9046089,Login Issues,Unable to login to system,Hardware replaced
1/2/24 2:47,INC5447177,VPN Issues,VPN connection dropping frequently,Escalated to higher tier
2/19/24 21:10,INC6012975,Network Problems,No internet connection,User guided through steps
1/23/24 22:00,INC2732298,Network Problems,No internet connection,User guided through steps
3/7/24 3:00,INC5744197,Application Issues,Application running very slowly,Escalated to higher tier
2/1/24 5:27,INC3081492,VPN Issues,VPN not connecting,Hardware replaced
1/16/24 17:10,INC6559139,Email Problems,Cannot send email,Escalated to higher tier
1/13/24 17:53,INC3342262,Hardware Issues,Screen flickering,Hardware replaced
1/13/24 3:30,INC9531292,Application Issues,Feature not working as expected,Escalated to higher tier
1/24/24 17:52,INC1000858,VPN Issues,Slow VPN connection speeds,Resolved after troubleshooting
2/13/24 18:54,INC4817860,Network Problems,Slow internet speeds,Resolved after troubleshooting
2/17/24 1:40,INC2255732,Email Problems,Spam filter blocking legitimate emails,User guided through steps
1/4/24 0:39,INC7872285,Login Issues,Unable to login to system,Resolved after troubleshooting
2/8/24 14:13,INC5683810,Network Problems,WiFi keeps disconnecting,Resolved after troubleshooting
2/14/24 4:53,INC9719087,Hardware Issues,Printer not printing,Resolved after troubleshooting
2/9/24 6:15,INC4515426,Login Issues,Unable to login to system,Hardware replaced
2/5/24 20:47,INC2774972,Login Issues,Unable to login to system,Hardware replaced
1/7/24 13:02,INC7985672,Hardware Issues,Printer not printing,User guided through steps
3/10/24 5:01,INC7263407,Email Problems,Email attachment too large,Resolved after troubleshooting
1/19/24 20:42,INC6479624,Hardware Issues,Keyboard keys not working,Escalated to higher tier
2/25/24 8:35,INC3445241,Login Issues,Account locked out,User guided through steps
1/29/24 3:50,INC4940604,Login Issues,Two-factor authentication not working,Escalated to higher tier
2/20/24 9:15,INC2514668,VPN Issues,Slow VPN connection speeds,Resolved after troubleshooting
1/1/24 7:36,INC3193345,VPN Issues,Slow VPN connection speeds,User guided through steps
3/10/24 7:40,INC8351832,Hardware Issues,Screen flickering,Hardware replaced
2/22/24 22:28,INC6953128,Email Problems,Email attachment too large,Resolved after troubleshooting
2/22/24 0:48,INC2182547,Application Issues,Application crashing on start,Hardware replaced
1/12/24 23:08,INC2622790,Network Problems,Slow internet speeds,User guided through steps
3/9/24 6:45,INC6912877,Hardware Issues,Screen flickering,Resolved after troubleshooting
2/21/24 15:48,INC2120407,Application Issues,Application crashing on start,Resolved after troubleshooting
3/8/24 15:46,INC6286938,VPN Issues,Slow VPN connection speeds,Resolved after troubleshooting
2/22/24 11:03,INC5693855,Email Problems,Cannot send email,Hardware replaced
1/16/24 17:11,INC1157272,Hardware Issues,Screen flickering,User guided through steps
1/21/24 1:40,INC5620697,Email Problems,Email attachment too large,Escalated to higher tier
2/4/24 8:11,INC7127158,Email Problems,Cannot send email,Resolved after troubleshooting
3/12/24 6:50,INC9171847,Email Problems,Not receiving email,Resolved after troubleshooting
2/8/24 11:23,INC3012911,Email Problems,Spam filter blocking legitimate emails,User guided through steps
2/11/24 23:39,INC5333753,Email Problems,Spam filter blocking legitimate emails,User guided through steps
2/3/24 7:33,INC7636474,Network Problems,Network drive not accessible,Resolved after troubleshooting
3/4/24 12:18,INC7437283,Login Issues,Account locked out,Hardware replaced
1/16/24 15:41,INC6905732,Email Problems,Cannot send email,Resolved after troubleshooting
2/21/24 2:52,INC3894888,Network Problems,Slow internet speeds,Hardware replaced
1/11/24 22:50,INC1849478,VPN Issues,Slow VPN connection speeds,User guided through steps
2/27/24 6:08,INC8895213,Network Problems,WiFi keeps disconnecting,Escalated to higher tier
1/20/24 5:01,INC2298162,Application Issues,Error message displayed in application,Resolved after troubleshooting
1/22/24 6:58,INC4092991,Login Issues,Two-factor authentication not working,User guided through steps
1/10/24 22:08,INC4455966,Hardware Issues,Printer not printing,Resolved after troubleshooting
2/14/24 14:10,INC1943959,Hardware Issues,Screen flickering,Hardware replaced
2/10/24 20:36,INC4715785,Network Problems,Network drive not accessible,Resolved after troubleshooting
3/17/24 7:27,INC2876989,VPN Issues,Slow VPN connection speeds,Escalated to higher tier
1/18/24 7:48,INC7256605,VPN Issues,VPN not connecting,Escalated to higher tier
1/4/24 12:26,INC6183369,Application Issues,Feature not working as expected,User guided through steps
1/29/24 10:48,INC8522154,Network Problems,Slow internet speeds,Hardware replaced
2/11/24 18:14,INC6289103,Application Issues,Application running very slowly,Resolved after troubleshooting
1/27/24 15:54,INC7847020,Hardware Issues,Screen flickering,Hardware replaced
2/28/24 1:55,INC1836710,VPN Issues,Slow VPN connection speeds,Resolved after troubleshooting
3/16/24 22:42,INC4352107,Hardware Issues,Keyboard keys not working,Resolved after troubleshooting
2/19/24 6:14,INC4449906,Hardware Issues,Keyboard keys not working,Hardware replaced
1/6/24 12:55,INC9651244,Hardware Issues,Printer not printing,Escalated to higher tier
1/23/24 7:12,INC1483019,Hardware Issues,Screen flickering,User guided through steps
1/30/24 18:29,INC4373149,VPN Issues,Slow VPN connection speeds,Escalated to higher tier
2/18/24 6:08,INC2947241,Network Problems,WiFi keeps disconnecting,Hardware replaced
2/8/24 3:37,INC3538724,Email Problems,Spam filter blocking legitimate emails,Hardware replaced
2/8/24 17:23,INC7554061,Application Issues,Error message displayed in application,Hardware replaced
3/16/24 17:30,INC6293981,Email Problems,Cannot send email,Escalated to higher tier
1/28/24 6:20,INC6097088,Hardware Issues,Screen flickering,Resolved after troubleshooting
2/13/24 2:22,INC6588991,Email Problems,Spam filter blocking legitimate emails,Escalated to higher tier
1/29/24 1:42,INC7626103,Application Issues,Feature not working as expected,Escalated to higher tier
2/20/24 13:42,INC2950997,Hardware Issues,Printer not printing,Hardware replaced
2/7/24 6:28,INC4261165,Network Problems,Slow internet speeds,Escalated to higher tier
1/13/24 7:36,INC4999718,Hardware Issues,Keyboard keys not working,Resolved after troubleshooting
1/28/24 0:58,INC8866472,Login Issues,Password reset required,Hardware replaced
2/6/24 8:21,INC1131192,Network Problems,Slow internet speeds,Hardware replaced
3/3/24 1:35,INC4704834,Email Problems,Spam filter blocking legitimate emails,User guided through steps
1/15/24 7:29,INC8831736,VPN Issues,VPN connection dropping frequently,Hardware replaced
3/7/24 15:13,INC6138296,Login Issues,Two-factor authentication not working,Hardware replaced
3/4/24 0:58,INC2017449,Network Problems,Network drive not accessible,Hardware replaced
1/29/24 18:22,INC7721942,Network Problems,Network drive not accessible,Hardware replaced
1/28/24 13:12,INC6292951,Application Issues,Feature not working as expected,Hardware replaced
3/6/24 18:42,INC6074810,VPN Issues,VPN connection dropping frequently,Hardware replaced
1/8/24 14:00,INC9244478,Email Problems,Email attachment too large,Resolved after troubleshooting
2/13/24 21:45,INC2547736,Hardware Issues,Keyboard keys not working,Hardware replaced
1/26/24 7:32,INC3153788,Application Issues,Feature not working as expected,User guided through steps
2/5/24 15:25,INC9197325,Application Issues,Feature not working as expected,Resolved after troubleshooting
1/31/24 16:12,INC7024969,Network Problems,Slow internet speeds,Resolved after troubleshooting
3/15/24 19:31,INC5182316,Email Problems,Cannot send email,Resolved after troubleshooting
2/21/24 15:22,INC7801989,Email Problems,Not receiving email,Resolved after troubleshooting
2/15/24 8:23,INC9972000,Application Issues,Application crashing on start,Resolved after troubleshooting
2/10/24 21:49,INC2842485,VPN Issues,Unable to access certain sites over VPN,Hardware replaced
3/2/24 12:39,INC7068012,Network Problems,No internet connection,Escalated to higher tier
1/6/24 9:49,INC8181436,Application Issues,Application running very slowly,Escalated to higher tier
2/20/24 5:45,INC6845903,Email Problems,Email attachment too large,Escalated to higher tier
2/16/24 12:32,INC4153922,Hardware Issues,Printer not printing,Hardware replaced
2/6/24 14:38,INC9967325,Application Issues,Error message displayed in application,Resolved after troubleshooting
1/5/24 11:00,INC4643072,Network Problems,Slow internet speeds,Hardware replaced
3/7/24 12:33,INC6857581,Hardware Issues,Keyboard keys not working,Escalated to higher tier
1/9/24 16:35,INC9150035,Application Issues,Error message displayed in application,Resolved after troubleshooting
1/26/24 9:21,INC5735694,Hardware Issues,Printer not printing,Resolved after troubleshooting
2/26/24 18:47,INC6503088,Login Issues,Account locked out,Escalated to higher tier
3/10/24 2:48,INC4387437,Login Issues,Two-factor authentication not working,Escalated to higher tier
2/17/24 1:27,INC1224013,Network Problems,Network drive not accessible,Resolved after troubleshooting
3/8/24 12:03,INC6106526,Network Problems,WiFi keeps disconnecting,User guided through steps
2/29/24 14:47,INC7819491,Login Issues,Account locked out,Hardware replaced
3/1/24 13:53,INC7324250,Application Issues,Error message displayed in application,Escalated to higher tier
1/31/24 9:23,INC2156037,Application Issues,Application crashing on start,Hardware replaced
2/20/24 8:59,INC4020827,Network Problems,WiFi keeps disconnecting,User guided through steps
2/29/24 4:04,INC4346858,Application Issues,Error message displayed in application,User guided through steps
2/9/24 12:22,INC3509061,Email Problems,Not receiving email,User guided through steps
2/5/24 18:23,INC9034951,Hardware Issues,Computer not turning on,User guided through steps
1/5/24 21:09,INC6910493,Network Problems,Slow internet speeds,User guided through steps
1/15/24 7:36,INC9737099,Network Problems,Network drive not accessible,Resolved after troubleshooting
3/8/24 23:47,INC6256760,Login Issues,Password reset required,Resolved after troubleshooting
2/3/24 1:11,INC7176836,Email Problems,Spam filter blocking legitimate emails,Escalated to higher tier
2/27/24 17:38,INC4425840,VPN Issues,VPN not connecting,User guided through steps
2/10/24 12:02,INC1100617,Login Issues,Two-factor authentication not working,Escalated to higher tier
3/14/24 2:04,INC2887933,Email Problems,Email attachment too large,User guided through steps
1/12/24 5:44,INC5766853,Hardware Issues,Screen flickering,Escalated to higher tier
3/17/24 20:58,INC6304224,Network Problems,WiFi keeps disconnecting,Resolved after troubleshooting
1/7/24 0:42,INC2166679,Application Issues,Application crashing on start,Hardware replaced
1/19/24 18:55,INC8056048,Hardware Issues,Printer not printing,Hardware replaced
2/7/24 8:12,INC9842958,Application Issues,Application crashing on start,Resolved after troubleshooting
2/3/24 14:30,INC2283381,VPN Issues,Slow VPN connection speeds,User guided through steps
1/13/24 15:04,INC2639129,Network Problems,Slow internet speeds,User guided through steps
3/16/24 0:49,INC4400741,Application Issues,Application running very slowly,User guided through steps
1/24/24 9:29,INC3522228,Email Problems,Cannot send email,User guided through steps
2/5/24 16:55,INC2770953,Login Issues,Unable to login to system,Hardware replaced
1/4/24 10:23,INC1688157,Login Issues,Account locked out,Resolved after troubleshooting
3/11/24 12:53,INC8968089,VPN Issues,Unable to access certain sites over VPN,Hardware replaced
2/10/24 16:15,INC3360902,Hardware Issues,Keyboard keys not working,Hardware replaced
3/2/24 2:50,INC7188829,VPN Issues,Slow VPN connection speeds,Hardware replaced
2/26/24 12:21,INC5362919,VPN Issues,Slow VPN connection speeds,User guided through steps
3/8/24 7:44,INC8529959,Email Problems,Cannot send email,Hardware replaced
3/3/24 16:51,INC3364122,VPN Issues,VPN not connecting,Hardware replaced
1/3/24 2:14,INC7300258,Hardware Issues,Computer not turning on,Resolved after troubleshooting
3/1/24 22:01,INC7442253,Email Problems,Email attachment too large,Resolved after troubleshooting
2/13/24 18:09,INC4498388,Email Problems,Email attachment too large,Hardware replaced
1/3/24 6:29,INC4871505,Network Problems,Slow internet speeds,Resolved after troubleshooting
2/3/24 20:44,INC7115789,Email Problems,Cannot send email,User guided through steps
2/5/24 0:15,INC4244768,VPN Issues,VPN not connecting,Resolved after troubleshooting
2/23/24 16:22,INC3842980,Network Problems,Slow internet speeds,Escalated to higher tier
1/5/24 14:02,INC4651928,VPN Issues,Slow VPN connection speeds,Resolved after troubleshooting
1/25/24 22:30,INC8235079,Network Problems,No internet connection,User guided through steps
1/18/24 18:21,INC7181439,Login Issues,Unable to login to system,Escalated to higher tier
2/1/24 17:34,INC2650546,Login Issues,Two-factor authentication not working,Hardware replaced
2/27/24 15:52,INC6946656,Hardware Issues,Keyboard keys not working,Hardware replaced
1/24/24 15:52,INC3012721,Email Problems,Spam filter blocking legitimate emails,Escalated to higher tier
1/2/24 18:40,INC6556001,Email Problems,Cannot send email,Hardware replaced
3/7/24 23:08,INC5455149,VPN Issues,Unable to access certain sites over VPN,Resolved after troubleshooting
3/16/24 1:26,INC6653963,Login Issues,Unable to login to system,User guided through steps
2/1/24 11:09,INC5209624,Email Problems,Cannot send email,User guided through steps
1/8/24 23:28,INC8893015,Hardware Issues,Screen flickering,Resolved after troubleshooting
3/2/24 3:33,INC6523664,Network Problems,WiFi keeps disconnecting,User guided through steps
2/11/24 8:33,INC1031419,Application Issues,Application running very slowly,Escalated to higher tier
1/24/24 6:51,INC3940952,Application Issues,Feature not working as expected,User guided through steps
1/4/24 19:26,INC7320328,Network Problems,WiFi keeps disconnecting,User guided through steps
2/28/24 16:11,INC5067739,VPN Issues,VPN not connecting,User guided through steps
2/26/24 13:54,INC9584746,Network Problems,WiFi keeps disconnecting,Hardware replaced
1/20/24 7:19,INC3080765,Application Issues,Application crashing on start,Escalated to higher tier
3/1/24 22:04,INC7138092,Hardware Issues,Screen flickering,Escalated to higher tier
2/12/24 18:04,INC9937873,Network Problems,WiFi keeps disconnecting,Escalated to higher tier
1/1/24 13:49,INC3920937,Network Problems,Slow internet speeds,User guided through steps
1/27/24 7:47,INC1473538,Application Issues,Application running very slowly,Resolved after troubleshooting
3/10/24 22:09,INC6587516,Email Problems,Spam filter blocking legitimate emails,Hardware replaced
1/22/24 21:41,INC7147769,Login Issues,Account locked out,Resolved after troubleshooting
1/25/24 21:33,INC8715397,Hardware Issues,Keyboard keys not working,Resolved after troubleshooting
1/22/24 12:58,INC1378150,VPN Issues,Unable to access certain sites over VPN,Resolved after troubleshooting
2/14/24 10:42,INC7652274,Network Problems,Network drive not accessible,User guided through steps
1/6/24 15:37,INC1317003,Hardware Issues,Computer not turning on,Escalated to higher tier
1/18/24 11:03,INC3782815,Application Issues,Feature not working as expected,Resolved after troubleshooting
3/3/24 4:37,INC3921986,Email Problems,Not receiving email,Hardware replaced
1/31/24 3:16,INC5789723,Email Problems,Spam filter blocking legitimate emails,Resolved after troubleshooting
1/7/24 0:52,INC8669170,VPN Issues,Unable to access certain sites over VPN,Resolved after troubleshooting
2/3/24 16:30,INC3238662,VPN Issues,Slow VPN connection speeds,Escalated to higher tier
1/18/24 18:42,INC9825539,Network Problems,WiFi keeps disconnecting,User guided through steps
2/24/24 9:16,INC2481305,Network Problems,Network drive not accessible,Hardware replaced
1/22/24 18:50,INC4342059,Network Problems,WiFi keeps disconnecting,Hardware replaced
1/17/24 1:34,INC6807184,Login Issues,Two-factor authentication not working,Resolved after troubleshooting
1/2/24 11:37,INC2858626,Hardware Issues,Printer not printing,User guided through steps
1/2/24 10:15,INC1211796,VPN Issues,VPN connection dropping frequently,Hardware replaced
1/18/24 20:19,INC9088245,Hardware Issues,Screen flickering,Escalated to higher tier
3/4/24 16:22,INC3433885,Network Problems,WiFi keeps disconnecting,Escalated to higher tier
1/14/24 22:30,INC3423454,Hardware Issues,Printer not printing,Escalated to higher tier
2/26/24 21:13,INC5184928,Email Problems,Email attachment too large,User guided through steps
3/1/24 17:44,INC5870038,Application Issues,Error message displayed in application,User guided through steps
1/27/24 13:48,INC9374987,Application Issues,Feature not working as expected,Hardware replaced
2/15/24 7:10,INC6495468,VPN Issues,Unable to access certain sites over VPN,Hardware replaced
3/3/24 9:09,INC3430605,VPN Issues,VPN not connecting,Escalated to higher tier
1/7/24 15:54,INC1325094,Email Problems,Email attachment too large,User guided through steps
3/4/24 21:55,INC3853398,Hardware Issues,Computer not turning on,Hardware replaced
3/7/24 22:09,INC1887540,Hardware Issues,Keyboard keys not working,Escalated to higher tier
1/31/24 4:27,INC2134282,Network Problems,WiFi keeps disconnecting,Escalated to higher tier
2/4/24 12:28,INC3780490,Email Problems,Not receiving email,User guided through steps
3/11/24 5:26,INC5146137,Login Issues,Two-factor authentication not working,Escalated to higher tier
1/29/24 13:53,INC7593335,Network Problems,Slow internet speeds,User guided through steps
1/10/24 17:52,INC7799568,VPN Issues,Unable to access certain sites over VPN,Escalated to higher tier
1/7/24 15:33,INC8123075,Login Issues,Unable to login to system,Hardware replaced
1/27/24 4:44,INC8074478,Hardware Issues,Printer not printing,Hardware replaced
1/30/24 20:48,INC2698568,Hardware Issues,Screen flickering,User guided through steps
3/15/24 13:41,INC6353216,Network Problems,No internet connection,Resolved after troubleshooting
2/28/24 22:32,INC2910420,Application Issues,Application running very slowly,User guided through steps
3/3/24 12:54,INC5859369,Network Problems,Slow internet speeds,Hardware replaced
2/17/24 4:25,INC2555677,Network Problems,WiFi keeps disconnecting,Resolved after troubleshooting
2/9/24 10:47,INC1200102,Network Problems,No internet connection,Hardware replaced
2/5/24 22:41,INC9323610,Network Problems,WiFi keeps disconnecting,Escalated to higher tier
1/29/24 9:23,INC3685121,Email Problems,Spam filter blocking legitimate emails,User guided through steps
1/19/24 9:02,INC1534285,Email Problems,Email attachment too large,Resolved after troubleshooting
2/10/24 22:47,INC4980591,Network Problems,WiFi keeps disconnecting,Escalated to higher tier
1/6/24 1:08,INC4753377,Hardware Issues,Keyboard keys not working,Hardware replaced
1/10/24 17:42,INC7778236,Login Issues,Unable to login to system,Escalated to higher tier
1/13/24 12:24,INC3896086,Email Problems,Not receiving email,Hardware replaced
1/24/24 6:53,INC9536308,Application Issues,Feature not working as expected,Escalated to higher tier
2/8/24 2:49,INC8785450,Login Issues,Unable to login to system,Escalated to higher tier
3/13/24 20:12,INC3811032,Email Problems,Spam filter blocking legitimate emails,Resolved after troubleshooting
2/10/24 5:12,INC5875580,VPN Issues,Unable to access certain sites over VPN,Hardware replaced
1/31/24 11:43,INC6312141,Login Issues,Password reset required,Resolved after troubleshooting
2/28/24 13:17,INC8473378,Network Problems,WiFi keeps disconnecting,User guided through steps
2/16/24 23:52,INC3761559,Hardware Issues,Screen flickering,User guided through steps
1/20/24 14:42,INC5126954,Hardware Issues,Keyboard keys not working,Hardware replaced
2/20/24 23:55,INC4462843,VPN Issues,VPN connection dropping frequently,Hardware replaced
1/18/24 4:58,INC6257843,Application Issues,Feature not working as expected,Hardware replaced
1/8/24 8:18,INC6127708,Application Issues,Feature not working as expected,User guided through steps
1/16/24 0:56,INC9628219,Hardware Issues,Keyboard keys not working,User guided through steps
1/6/24 15:07,INC8385674,Email Problems,Not receiving email,Hardware replaced
2/14/24 21:21,INC4366593,VPN Issues,Slow VPN connection speeds,Hardware replaced
1/31/24 8:46,INC2645818,Application Issues,Feature not working as expected,User guided through steps
1/13/24 20:44,INC9732161,Login Issues,Account locked out,Hardware replaced
2/16/24 8:51,INC6311826,Network Problems,Network drive not accessible,Escalated to higher tier
2/29/24 1:14,INC3391775,Hardware Issues,Computer not turning on,Hardware replaced
1/23/24 20:01,INC4883191,Network Problems,Network drive not accessible,Hardware replaced
2/1/24 13:03,INC2734494,Hardware Issues,Computer not turning on,Hardware replaced
1/13/24 21:43,INC5255390,Login Issues,Account locked out,User guided through steps
3/16/24 7:25,INC3199110,Network Problems,Slow internet speeds,Escalated to higher tier
1/31/24 0:30,INC4313854,VPN Issues,VPN not connecting,Hardware replaced
3/16/24 17:28,INC7468408,VPN Issues,VPN not connecting,Hardware replaced
1/22/24 10:50,INC5948643,Hardware Issues,Printer not printing,Resolved after troubleshooting
2/19/24 4:19,INC4092742,Login Issues,Two-factor authentication not working,Escalated to higher tier
2/18/24 11:22,INC3909124,Application Issues,Application running very slowly,Resolved after troubleshooting
1/5/24 8:57,INC9341795,VPN Issues,VPN not connecting,Escalated to higher tier
3/6/24 2:05,INC2837884,VPN Issues,VPN not connecting,Resolved after troubleshooting
1/23/24 14:05,INC3728266,VPN Issues,VPN not connecting,User guided through steps
3/2/24 2:12,INC6564344,Hardware Issues,Printer not printing,User guided through steps
3/12/24 0:33,INC1693871,Network Problems,Network drive not accessible,User guided through steps
1/20/24 2:20,INC8889740,Email Problems,Email attachment too large,Escalated to higher tier
3/4/24 20:51,INC7372424,VPN Issues,VPN not connecting,Escalated to higher tier
1/21/24 23:17,INC2821041,Email Problems,Cannot send email,Resolved after troubleshooting
2/22/24 21:48,INC3942500,Login Issues,Unable to login to system,Escalated to higher tier
2/21/24 4:51,INC2056469,Login Issues,Unable to login to system,Hardware replaced
1/28/24 18:51,INC9420783,Application Issues,Application running very slowly,Hardware replaced
1/13/24 20:08,INC5848676,Network Problems,Network drive not accessible,Resolved after troubleshooting
3/15/24 14:41,INC3502669,Login Issues,Two-factor authentication not working,Escalated to higher tier
2/3/24 7:21,INC8097538,Network Problems,No internet connection,User guided through steps
1/2/24 20:35,INC7459073,Email Problems,Email attachment too large,Resolved after troubleshooting
2/1/24 0:16,INC5245749,Hardware Issues,Printer not printing,User guided through steps
1/31/24 12:39,INC7842774,Network Problems,WiFi keeps disconnecting,Hardware replaced
3/14/24 6:37,INC8321713,Email Problems,Cannot send email,Resolved after troubleshooting
3/7/24 9:40,INC3040213,Application Issues,Feature not working as expected,User guided through steps
3/9/24 16:34,INC8963519,Network Problems,Network drive not accessible,Hardware replaced
2/3/24 15:08,INC8796033,Email Problems,Cannot send email,Resolved after troubleshooting
1/22/24 12:44,INC5657520,Application Issues,Application running very slowly,Escalated to higher tier
1/15/24 17:36,INC4127077,Application Issues,Application running very slowly,Hardware replaced
1/1/24 2:31,INC6887532,Hardware Issues,Printer not printing,Escalated to higher tier
1/8/24 17:06,INC1953036,Email Problems,Spam filter blocking legitimate emails,Resolved after troubleshooting
2/15/24 5:54,INC8126182,Email Problems,Spam filter blocking legitimate emails,Resolved after troubleshooting
1/5/24 10:07,INC9787264,Login Issues,Password reset required,Hardware replaced
1/29/24 1:01,INC5226880,Application Issues,Application running very slowly,Resolved after troubleshooting
2/5/24 1:33,INC5979075,Login Issues,Password reset required,Escalated to higher tier
1/8/24 5:45,INC5315477,Application Issues,Application running very slowly,Resolved after troubleshooting
1/13/24 22:01,INC3393023,Application Issues,Application crashing on start,Hardware replaced
1/9/24 9:14,INC3961047,VPN Issues,VPN connection dropping frequently,User guided through steps
1/30/24 19:32,INC3572499,Application Issues,Feature not working as expected,Hardware replaced
2/25/24 2:44,INC5261878,Application Issues,Feature not working as expected,Hardware replaced
1/23/24 13:42,INC3233194,Login Issues,Two-factor authentication not working,Resolved after troubleshooting
3/8/24 6:55,INC9995483,VPN Issues,Slow VPN connection speeds,Escalated to higher tier
2/29/24 12:13,INC4858539,Application Issues,Application running very slowly,Resolved after troubleshooting
2/28/24 7:01,INC3319753,Network Problems,Slow internet speeds,Escalated to higher tier
1/8/24 0:51,INC2076872,Email Problems,Not receiving email,Hardware replaced
2/25/24 9:18,INC9858956,Email Problems,Not receiving email,User guided through steps
3/13/24 18:40,INC1402900,Email Problems,Email attachment too large,Escalated to higher tier
2/2/24 18:31,INC8201078,Login Issues,Password reset required,Resolved after troubleshooting
3/16/24 20:39,INC4676091,Hardware Issues,Computer not turning on,Hardware replaced
1/15/24 17:40,INC5104466,Hardware Issues,Screen flickering,Hardware replaced
2/16/24 6:30,INC9600587,Application Issues,Application running very slowly,Hardware replaced
1/13/24 22:03,INC8252794,Network Problems,Slow internet speeds,Resolved after troubleshooting
3/16/24 2:36,INC3891676,Application Issues,Application crashing on start,Resolved after troubleshooting
1/11/24 19:44,INC3197341,Hardware Issues,Keyboard keys not working,Resolved after troubleshooting
2/22/24 22:29,INC2839545,Email Problems,Email attachment too large,Hardware replaced
1/30/24 17:02,INC7895621,Application Issues,Feature not working as expected,Escalated to higher tier
1/7/24 20:55,INC8485704,Application Issues,Feature not working as expected,Hardware replaced
1/25/24 19:26,INC7624731,Email Problems,Email attachment too large,Resolved after troubleshooting
2/1/24 23:26,INC4725651,VPN Issues,VPN connection dropping frequently,User guided through steps
3/2/24 8:09,INC3379439,Email Problems,Not receiving email,Hardware replaced
3/3/24 2:23,INC8561194,Application Issues,Feature not working as expected,Resolved after troubleshooting
3/1/24 0:54,INC8285785,VPN Issues,Unable to access certain sites over VPN,Escalated to higher tier
3/6/24 4:58,INC4063813,Hardware Issues,Computer not turning on,Resolved after troubleshooting
1/9/24 10:54,INC8764209,Hardware Issues,Keyboard keys not working,Resolved after troubleshooting
2/15/24 1:13,INC5129442,Hardware Issues,Keyboard keys not working,Resolved after troubleshooting
2/18/24 5:32,INC2930210,Hardware Issues,Printer not printing,Hardware replaced
2/15/24 13:02,INC2165569,Network Problems,Slow internet speeds,Hardware replaced
1/30/24 21:39,INC4040788,Email Problems,Not receiving email,User guided through steps
2/23/24 1:07,INC5281565,Network Problems,No internet connection,User guided through steps
1/30/24 15:38,INC7709144,Login Issues,Two-factor authentication not working,Hardware replaced
3/17/24 10:55,INC7438134,VPN Issues,Slow VPN connection speeds,Escalated to higher tier
1/31/24 2:21,INC2907611,Network Problems,Network drive not accessible,User guided through steps
1/3/24 8:59,INC4333241,Login Issues,Account locked out,Escalated to higher tier
1/25/24 18:44,INC1149929,Login Issues,Unable to login to system,Escalated to higher tier
1/9/24 20:17,INC7998077,Login Issues,Unable to login to system,Resolved after troubleshooting
3/4/24 20:35,INC9983146,Login Issues,Account locked out,Resolved after troubleshooting
3/17/24 4:31,INC7828933,Login Issues,Unable to login to system,Hardware replaced
1/16/24 5:43,INC6234784,Hardware Issues,Computer not turning on,Escalated to higher tier
1/8/24 21:22,INC7287281,Email Problems,Cannot send email,Hardware replaced
2/18/24 15:47,INC2667549,Login Issues,Password reset required,User guided through steps
2/29/24 13:27,INC8261856,VPN Issues,VPN connection dropping frequently,Hardware replaced
1/5/24 20:38,INC4017935,Application Issues,Error message displayed in application,Hardware replaced
3/15/24 11:48,INC1104473,Network Problems,Slow internet speeds,Hardware replaced
1/5/24 13:46,INC6174480,Login Issues,Password reset required,Resolved after troubleshooting
1/23/24 21:02,INC3774057,Login Issues,Account locked out,Hardware replaced
1/4/24 14:16,INC7863749,Application Issues,Feature not working as expected,Hardware replaced
1/12/24 6:28,INC9298857,Hardware Issues,Computer not turning on,User guided through steps
2/4/24 12:31,INC4688588,Hardware Issues,Computer not turning on,User guided through steps
1/11/24 16:24,INC9917113,Application Issues,Feature not working as expected,User guided through steps
1/31/24 6:10,INC4628437,VPN Issues,VPN connection dropping frequently,Hardware replaced
1/18/24 22:53,INC7043109,Login Issues,Two-factor authentication not working,Resolved after troubleshooting
1/21/24 23:31,INC3673968,Login Issues,Unable to login to system,User guided through steps
1/8/24 11:56,INC4628410,Login Issues,Password reset required,Resolved after troubleshooting
1/5/24 20:43,INC7204514,Hardware Issues,Printer not printing,Escalated to higher tier
1/29/24 1:05,INC8255782,Network Problems,Network drive not accessible,Escalated to higher tier
2/23/24 12:34,INC8735410,Application Issues,Application crashing on start,Escalated to higher tier
2/19/24 9:00,INC6272823,Network Problems,Network drive not accessible,Hardware replaced
1/31/24 18:57,INC3088027,Application Issues,Error message displayed in application,Hardware replaced
1/28/24 8:21,INC8231041,Network Problems,Slow internet speeds,User guided through steps
1/8/24 5:08,INC9004361,VPN Issues,Slow VPN connection speeds,Escalated to higher tier
1/20/24 4:47,INC9199025,Hardware Issues,Keyboard keys not working,Resolved after troubleshooting
2/24/24 20:39,INC6136054,Login Issues,Two-factor authentication not working,Resolved after troubleshooting
1/24/24 9:44,INC1085987,VPN Issues,VPN connection dropping frequently,Escalated to higher tier
3/15/24 16:14,INC6317903,Hardware Issues,Keyboard keys not working,Resolved after troubleshooting
3/15/24 13:12,INC9042503,Login Issues,Account locked out,Escalated to higher tier
3/13/24 15:01,INC9067995,Login Issues,Two-factor authentication not working,User guided through steps
1/9/24 12:51,INC3848094,Network Problems,WiFi keeps disconnecting,Escalated to higher tier
3/14/24 18:08,INC7700252,VPN Issues,Slow VPN connection speeds,User guided through steps
2/21/24 5:07,INC3690822,Hardware Issues,Computer not turning on,Escalated to higher tier
1/3/24 1:46,INC1184642,VPN Issues,Slow VPN connection speeds,Resolved after troubleshooting
3/8/24 22:53,INC8927172,Login Issues,Account locked out,Escalated to higher tier
3/8/24 10:06,INC9190253,Hardware Issues,Computer not turning on,Resolved after troubleshooting
2/4/24 7:20,INC7057342,Application Issues,Application crashing on start,User guided through steps
3/11/24 13:00,INC6570265,Network Problems,WiFi keeps disconnecting,Resolved after troubleshooting
1/24/24 20:38,INC3042232,Network Problems,Network drive not accessible,Escalated to higher tier
2/5/24 6:54,INC5970065,Hardware Issues,Screen flickering,Escalated to higher tier
1/1/24 3:44,INC3098234,Network Problems,No internet connection,Hardware replaced
1/29/24 20:16,INC4423754,Application Issues,Application crashing on start,Hardware replaced
1/17/24 21:15,INC5532988,Application Issues,Feature not working as expected,Escalated to higher tier
2/17/24 3:10,INC4752575,VPN Issues,Unable to access certain sites over VPN,Hardware replaced
2/6/24 20:15,INC9718846,Network Problems,Slow internet speeds,Hardware replaced
3/17/24 6:26,INC2866654,Network Problems,WiFi keeps disconnecting,Hardware replaced
2/12/24 7:46,INC2435552,Login Issues,Two-factor authentication not working,Hardware replaced
2/10/24 18:21,INC2492026,Network Problems,No internet connection,Hardware replaced
1/1/24 14:52,INC9208679,Login Issues,Password reset required,Hardware replaced
1/16/24 16:47,INC6547316,Network Problems,Network drive not accessible,Escalated to higher tier
3/6/24 19:47,INC1849526,Application Issues,Error message displayed in application,Resolved after troubleshooting
2/4/24 10:46,INC3632353,Login Issues,Account locked out,Escalated to higher tier
3/3/24 17:46,INC1235012,Network Problems,Network drive not accessible,User guided through steps
1/31/24 16:05,INC4972018,Application Issues,Error message displayed in application,Hardware replaced
2/25/24 12:31,INC8136631,Application Issues,Error message displayed in application,User guided through steps
2/21/24 10:13,INC5395699,VPN Issues,VPN connection dropping frequently,Hardware replaced
1/8/24 9:10,INC4851398,Application Issues,Error message displayed in application,User guided through steps
1/12/24 4:40,INC9476184,Application Issues,Application running very slowly,User guided through steps
1/2/24 18:33,INC5614031,Email Problems,Email attachment too large,Hardware replaced
3/14/24 2:48,INC1271233,Email Problems,Spam filter blocking legitimate emails,Hardware replaced
2/4/24 3:46,INC1041652,Hardware Issues,Keyboard keys not working,User guided through steps
2/20/24 15:17,INC1725951,Network Problems,Slow internet speeds,User guided through steps
1/29/24 12:09,INC9016206,Email Problems,Spam filter blocking legitimate emails,Escalated to higher tier
1/26/24 22:31,INC4986213,Email Problems,Not receiving email,Resolved after troubleshooting
1/7/24 4:51,INC7522074,Network Problems,WiFi keeps disconnecting,Hardware replaced
1/16/24 10:35,INC2622303,Login Issues,Password reset required,Hardware replaced
2/17/24 2:22,INC4667759,Application Issues,Application crashing on start,Escalated to higher tier
1/31/24 3:42,INC7373448,VPN Issues,Unable to access certain sites over VPN,Escalated to higher tier
2/20/24 13:34,INC7132549,Email Problems,Not receiving email,Hardware replaced
1/11/24 1:05,INC9240930,Hardware Issues,Computer not turning on,Escalated to higher tier
2/18/24 13:57,INC6845909,Email Problems,Spam filter blocking legitimate emails,User guided through steps
1/27/24 4:43,INC2636042,Hardware Issues,Screen flickering,Escalated to higher tier
3/10/24 1:16,INC7406737,Network Problems,No internet connection,User guided through steps
2/23/24 3:34,INC7796147,VPN Issues,VPN not connecting,User guided through steps
2/12/24 15:03,INC5533612,Application Issues,Error message displayed in application,Hardware replaced
3/14/24 8:33,INC5354167,VPN Issues,Slow VPN connection speeds,User guided through steps
3/6/24 16:33,INC2420600,Hardware Issues,Screen flickering,User guided through steps
1/20/24 1:45,INC5506141,Application Issues,Feature not working as expected,Resolved after troubleshooting
2/28/24 2:20,INC8232335,Hardware Issues,Screen flickering,Hardware replaced
3/17/24 2:46,INC1123507,Login Issues,Unable to login to system,Hardware replaced
3/2/24 10:30,INC6796644,VPN Issues,VPN not connecting,Resolved after troubleshooting
3/15/24 9:51,INC6702021,Email Problems,Email attachment too large,User guided through steps
3/11/24 9:24,INC5559967,Application Issues,Feature not working as expected,Hardware replaced
1/3/24 13:36,INC4422244,Login Issues,Password reset required,Escalated to higher tier
2/13/24 12:09,INC5261121,Application Issues,Feature not working as expected,Escalated to higher tier
1/12/24 3:00,INC3457003,VPN Issues,Slow VPN connection speeds,Hardware replaced
1/12/24 11:27,INC2143286,Email Problems,Cannot send email,Escalated to higher tier
2/15/24 6:13,INC1126306,VPN Issues,Unable to access certain sites over VPN,Hardware replaced
2/11/24 0:18,INC6650739,Hardware Issues,Screen flickering,Hardware replaced
1/3/24 5:38,INC9125117,Email Problems,Email attachment too large,User guided through steps
2/26/24 11:03,INC5347428,Hardware Issues,Printer not printing,Escalated to higher tier
1/13/24 6:28,INC9535431,VPN Issues,VPN not connecting,Resolved after troubleshooting
2/23/24 20:09,INC1172204,Email Problems,Spam filter blocking legitimate emails,Resolved after troubleshooting
1/4/24 21:49,INC7723324,Application Issues,Error message displayed in application,Resolved after troubleshooting
3/13/24 15:35,INC4732858,VPN Issues,Slow VPN connection speeds,User guided through steps
1/30/24 20:25,INC7436194,Email Problems,Not receiving email,Hardware replaced
3/14/24 23:56,INC3783826,VPN Issues,VPN connection dropping frequently,User guided through steps
3/8/24 15:51,INC1819673,Hardware Issues,Keyboard keys not working,Hardware replaced
1/25/24 12:11,INC4800052,Login Issues,Unable to login to system,Resolved after troubleshooting
3/14/24 10:08,INC8127775,Network Problems,Slow internet speeds,Hardware replaced
2/18/24 11:37,INC3308585,Network Problems,Slow internet speeds,Escalated to higher tier
3/1/24 1:23,INC1695604,Hardware Issues,Screen flickering,Escalated to higher tier
2/7/24 5:53,INC8062251,Login Issues,Password reset required,User guided through steps
2/6/24 6:14,INC1012917,Hardware Issues,Keyboard keys not working,Escalated to higher tier
1/25/24 9:51,INC6679270,Hardware Issues,Keyboard keys not working,User guided through steps
3/1/24 14:25,INC3965608,Hardware Issues,Screen flickering,Hardware replaced
1/18/24 21:50,INC3217802,Application Issues,Feature not working as expected,Hardware replaced
1/13/24 13:27,INC1901554,Email Problems,Spam filter blocking legitimate emails,Hardware replaced
1/16/24 13:56,INC3681282,Email Problems,Spam filter blocking legitimate emails,Escalated to higher tier
2/12/24 19:41,INC4041943,Application Issues,Application crashing on start,Resolved after troubleshooting
1/23/24 20:33,INC7799644,Email Problems,Spam filter blocking legitimate emails,Resolved after troubleshooting
3/16/24 7:58,INC4318401,Network Problems,Slow internet speeds,Hardware replaced
3/10/24 8:10,INC2358000,Login Issues,Account locked out,Hardware replaced
1/4/24 12:20,INC3993234,Login Issues,Account locked out,Escalated to higher tier
1/30/24 1:46,INC7934026,Hardware Issues,Computer not turning on,User guided through steps
1/17/24 15:30,INC6645946,Email Problems,Cannot send email,Resolved after troubleshooting
1/5/24 4:06,INC2643568,Email Problems,Spam filter blocking legitimate emails,Resolved after troubleshooting
2/22/24 17:33,INC2232731,Hardware Issues,Keyboard keys not working,Hardware replaced
1/6/24 10:48,INC5014469,Network Problems,Network drive not accessible,User guided through steps
1/20/24 1:11,INC9417277,Network Problems,WiFi keeps disconnecting,User guided through steps
1/2/24 23:12,INC2806823,Application Issues,Error message displayed in application,Resolved after troubleshooting
3/8/24 10:00,INC6190823,Application Issues,Application running very slowly,Resolved after troubleshooting
2/4/24 23:49,INC6662937,Network Problems,Network drive not accessible,Hardware replaced
2/27/24 15:27,INC9517307,Email Problems,Cannot send email,User guided through steps
1/31/24 0:20,INC4842215,VPN Issues,VPN not connecting,Escalated to higher tier
3/2/24 18:48,INC2809366,Email Problems,Email attachment too large,Resolved after troubleshooting
1/21/24 13:39,INC9124981,Login Issues,Account locked out,Hardware replaced
2/16/24 13:08,INC2068040,Login Issues,Account locked out,Resolved after troubleshooting
1/3/24 22:15,INC6483450,VPN Issues,Slow VPN connection speeds,Resolved after troubleshooting
2/13/24 9:42,INC1476236,Application Issues,Feature not working as expected,Hardware replaced
1/3/24 3:05,INC2527368,VPN Issues,VPN connection dropping frequently,Resolved after troubleshooting
2/6/24 6:34,INC9662611,Network Problems,No internet connection,Hardware replaced
1/12/24 12:44,INC9494780,Email Problems,Cannot send email,Resolved after troubleshooting
1/11/24 8:25,INC8797264,Login Issues,Two-factor authentication not working,Escalated to higher tier
1/11/24 9:02,INC2896774,Network Problems,Network drive not accessible,Escalated to higher tier
2/12/24 21:57,INC2569202,Application Issues,Feature not working as expected,User guided through steps
1/1/24 3:58,INC6166117,Network Problems,WiFi keeps disconnecting,Resolved after troubleshooting
2/6/24 1:55,INC6825196,VPN Issues,VPN not connecting,User guided through steps
3/9/24 13:05,INC6035294,Hardware Issues,Keyboard keys not working,Resolved after troubleshooting
3/13/24 10:35,INC1827326,Email Problems,Email attachment too large,Escalated to higher tier
3/3/24 15:46,INC4183876,Network Problems,WiFi keeps disconnecting,Escalated to higher tier
2/17/24 7:39,INC3534350,Email Problems,Email attachment too large,Resolved after troubleshooting
2/4/24 22:16,INC2721256,Hardware Issues,Keyboard keys not working,Hardware replaced
2/23/24 9:38,INC5042734,Login Issues,Unable to login to system,User guided through steps
2/12/24 15:11,INC1886521,Application Issues,Application running very slowly,User guided through steps
1/23/24 13:39,INC2785374,Login Issues,Unable to login to system,Hardware replaced
1/27/24 4:09,INC1666018,Hardware Issues,Printer not printing,Escalated to higher tier
2/14/24 14:26,INC2964014,Network Problems,WiFi keeps disconnecting,Resolved after troubleshooting
2/20/24 17:21,INC6353080,Hardware Issues,Screen flickering,Hardware replaced
1/29/24 12:16,INC2744361,Login Issues,Two-factor authentication not working,Resolved after troubleshooting
2/15/24 2:26,INC2644740,Hardware Issues,Computer not turning on,Hardware replaced
1/11/24 12:36,INC6758574,Network Problems,Slow internet speeds,Hardware replaced
1/28/24 7:50,INC5632385,Hardware Issues,Computer not turning on,User guided through steps
1/16/24 4:15,INC1786589,VPN Issues,Unable to access certain sites over VPN,Escalated to higher tier
1/26/24 16:52,INC4477035,VPN Issues,VPN connection dropping frequently,User guided through steps
2/15/24 9:01,INC5638346,Email Problems,Email attachment too large,Hardware replaced
1/19/24 11:44,INC6526989,Network Problems,WiFi keeps disconnecting,Escalated to higher tier
1/31/24 3:35,INC7109626,Network Problems,No internet connection,Escalated to higher tier
2/22/24 0:37,INC7912792,Login Issues,Account locked out,User guided through steps
2/5/24 15:38,INC7794825,VPN Issues,VPN connection dropping frequently,User guided through steps
2/27/24 8:16,INC3741947,Email Problems,Email attachment too large,User guided through steps
3/11/24 8:37,INC2250349,Login Issues,Two-factor authentication not working,Hardware replaced
2/29/24 7:05,INC7867787,Email Problems,Spam filter blocking legitimate emails,Resolved after troubleshooting
1/31/24 6:32,INC5289388,Hardware Issues,Computer not turning on,Escalated to higher tier
2/2/24 12:58,INC2735682,Hardware Issues,Screen flickering,Escalated to higher tier
1/11/24 10:25,INC6883862,VPN Issues,VPN connection dropping frequently,Hardware replaced
1/26/24 8:41,INC5109278,Hardware Issues,Computer not turning on,Escalated to higher tier
1/10/24 7:04,INC4743068,Login Issues,Account locked out,User guided through steps
1/8/24 2:29,INC1754779,Network Problems,No internet connection,Hardware replaced
3/5/24 11:29,INC6599529,Email Problems,Not receiving email,Escalated to higher tier
3/15/24 5:49,INC2429014,Login Issues,Password reset required,Hardware replaced
1/7/24 10:45,INC4396816,Login Issues,Unable to login to system,User guided through steps
2/29/24 8:14,INC8342568,Login Issues,Password reset required,Hardware replaced
2/16/24 4:38,INC6561553,Email Problems,Email attachment too large,User guided through steps
3/11/24 2:13,INC1892569,Network Problems,WiFi keeps disconnecting,User guided through steps
1/2/24 3:24,INC9959613,Login Issues,Account locked out,Resolved after troubleshooting
2/27/24 22:46,INC2214570,Network Problems,WiFi keeps disconnecting,Hardware replaced
3/12/24 5:01,INC7346057,Application Issues,Application running very slowly,Escalated to higher tier
2/9/24 19:05,INC7570111,VPN Issues,VPN connection dropping frequently,Hardware replaced
3/12/24 19:10,INC7547000,Login Issues,Password reset required,Resolved after troubleshooting
3/2/24 3:47,INC4124982,VPN Issues,Slow VPN connection speeds,Hardware replaced
1/22/24 19:42,INC1516803,VPN Issues,Slow VPN connection speeds,Resolved after troubleshooting
1/3/24 15:30,INC7564817,Email Problems,Email attachment too large,User guided through steps
2/23/24 11:17,INC2922517,Hardware Issues,Screen flickering,Hardware replaced
2/8/24 22:45,INC8483639,Application Issues,Application crashing on start,Escalated to higher tier
2/18/24 3:10,INC5897179,Email Problems,Cannot send email,Hardware replaced
3/12/24 11:53,INC9297769,Email Problems,Cannot send email,Resolved after troubleshooting
1/15/24 13:45,INC2821037,Network Problems,Slow internet speeds,Hardware replaced
2/6/24 15:01,INC9666172,VPN Issues,VPN not connecting,Escalated to higher tier
2/22/24 20:20,INC1622849,Application Issues,Application running very slowly,Hardware replaced
1/20/24 9:26,INC1299987,Application Issues,Application crashing on start,Escalated to higher tier
2/29/24 0:25,INC5519701,Email Problems,Cannot send email,Resolved after troubleshooting
2/8/24 0:24,INC8117876,Login Issues,Password reset required,Hardware replaced
2/9/24 21:07,INC7990571,VPN Issues,VPN connection dropping frequently,Resolved after troubleshooting
1/27/24 7:41,INC7979705,Network Problems,Network drive not accessible,Resolved after troubleshooting
1/20/24 18:49,INC9249799,VPN Issues,VPN connection dropping frequently,Hardware replaced
1/2/24 2:44,INC3711629,Network Problems,Network drive not accessible,Hardware replaced
2/4/24 1:53,INC8022407,VPN Issues,Unable to access certain sites over VPN,Resolved after troubleshooting
1/5/24 13:00,INC9090922,Application Issues,Error message displayed in application,Resolved after troubleshooting
2/9/24 17:00,INC7573563,Login Issues,Two-factor authentication not working,Resolved after troubleshooting
1/24/24 22:09,INC5679387,Email Problems,Email attachment too large,Escalated to higher tier
3/14/24 23:36,INC4166923,Network Problems,Slow internet speeds,Resolved after troubleshooting
1/19/24 3:02,INC8369081,Hardware Issues,Keyboard keys not working,User guided through steps
1/18/24 22:54,INC7535114,Hardware Issues,Keyboard keys not working,Escalated to higher tier
2/18/24 9:11,INC4689271,Network Problems,WiFi keeps disconnecting,User guided through steps
1/16/24 12:21,INC3599025,Application Issues,Application crashing on start,Resolved after troubleshooting
3/14/24 1:26,INC5757781,Email Problems,Spam filter blocking legitimate emails,Escalated to higher tier
1/29/24 2:18,INC7469295,Application Issues,Application crashing on start,Resolved after troubleshooting
1/17/24 16:15,INC9390214,VPN Issues,VPN not connecting,Resolved after troubleshooting
3/16/24 18:51,INC1171092,Hardware Issues,Keyboard keys not working,Escalated to higher tier
2/20/24 5:11,INC9400480,Login Issues,Unable to login to system,Escalated to higher tier
2/14/24 22:01,INC9849750,Hardware Issues,Screen flickering,Resolved after troubleshooting
1/25/24 0:23,INC7217246,Application Issues,Application crashing on start,User guided through steps
2/24/24 17:58,INC9965129,Network Problems,Network drive not accessible,Escalated to higher tier
1/31/24 13:30,INC8923590,Network Problems,No internet connection,Resolved after troubleshooting
1/24/24 0:46,INC3496310,VPN Issues,VPN connection dropping frequently,Escalated to higher tier
1/20/24 0:47,INC4939334,VPN Issues,VPN not connecting,User guided through steps
1/13/24 12:58,INC7344868,Email Problems,Email attachment too large,User guided through steps
1/15/24 12:24,INC9632716,Login Issues,Unable to login to system,Escalated to higher tier
1/4/24 23:35,INC1045957,Network Problems,Network drive not accessible,User guided through steps
1/30/24 10:25,INC9005389,Login Issues,Two-factor authentication not working,Escalated to higher tier
2/8/24 14:42,INC4923327,VPN Issues,Unable to access certain sites over VPN,Resolved after troubleshooting
3/4/24 0:50,INC2087872,VPN Issues,Slow VPN connection speeds,Resolved after troubleshooting
1/28/24 5:40,INC2965957,Email Problems,Spam filter blocking legitimate emails,User guided through steps
3/8/24 20:04,INC3216856,Hardware Issues,Printer not printing,Resolved after troubleshooting
2/6/24 0:22,INC5490303,Login Issues,Password reset required,Resolved after troubleshooting
2/29/24 21:09,INC8686008,Network Problems,Network drive not accessible,User guided through steps
2/4/24 13:18,INC5352461,VPN Issues,VPN connection dropping frequently,User guided through steps
3/6/24 6:20,INC1244735,Application Issues,Application crashing on start,User guided through steps
1/5/24 6:01,INC2822284,Network Problems,Slow internet speeds,Escalated to higher tier
3/8/24 15:36,INC7173654,Hardware Issues,Printer not printing,Resolved after troubleshooting
2/23/24 3:02,INC2645792,Login Issues,Account locked out,Escalated to higher tier
3/16/24 0:03,INC3694415,Application Issues,Application crashing on start,Escalated to higher tier
3/17/24 15:04,INC1096204,Hardware Issues,Computer not turning on,User guided through steps
2/28/24 19:38,INC3976948,Login Issues,Password reset required,Hardware replaced
3/11/24 16:04,INC9019624,Network Problems,WiFi keeps disconnecting,Resolved after troubleshooting
2/15/24 8:46,INC8946074,Network Problems,No internet connection,Escalated to higher tier
3/2/24 4:41,INC9003087,Hardware Issues,Printer not printing,Resolved after troubleshooting
2/5/24 23:24,INC1780769,Login Issues,Account locked out,Escalated to higher tier
3/16/24 21:25,INC8355071,Network Problems,No internet connection,Resolved after troubleshooting
2/15/24 7:45,INC4673429,Hardware Issues,Printer not printing,Resolved after troubleshooting
1/31/24 22:15,INC9400268,VPN Issues,VPN not connecting,Escalated to higher tier
2/19/24 18:51,INC2184875,VPN Issues,Unable to access certain sites over VPN,Escalated to higher tier
3/3/24 22:00,INC8163072,VPN Issues,Slow VPN connection speeds,User guided through steps
1/26/24 2:53,INC5356517,Application Issues,Feature not working as expected,Escalated to higher tier
1/4/24 16:35,INC7387440,Network Problems,Network drive not accessible,Escalated to higher tier
1/29/24 16:22,INC1725293,Login Issues,Two-factor authentication not working,User guided through steps
1/14/24 18:45,INC1288187,Login Issues,Account locked out,User guided through steps
3/10/24 23:09,INC3132377,Application Issues,Error message displayed in application,Hardware replaced
1/31/24 11:48,INC3618985,Login Issues,Unable to login to system,User guided through steps
2/16/24 13:23,INC8181099,VPN Issues,Slow VPN connection speeds,Escalated to higher tier
2/29/24 17:07,INC8012462,Network Problems,Slow internet speeds,Escalated to higher tier
2/19/24 10:09,INC7045864,Network Problems,Slow internet speeds,Hardware replaced
2/25/24 10:15,INC4119535,Network Problems,Slow internet speeds,User guided through steps
1/22/24 2:11,INC7587683,Email Problems,Spam filter blocking legitimate emails,User guided through steps
1/4/24 6:22,INC8072682,Email Problems,Cannot send email,Hardware replaced
3/4/24 9:20,INC8447866,Hardware Issues,Keyboard keys not working,Escalated to higher tier
2/4/24 3:10,INC3991183,Email Problems,Email attachment too large,Resolved after troubleshooting
3/7/24 17:41,INC5400358,Network Problems,Network drive not accessible,Resolved after troubleshooting
2/24/24 6:29,INC9191669,Hardware Issues,Screen flickering,User guided through steps
1/3/24 8:49,INC1744482,Application Issues,Application crashing on start,Resolved after troubleshooting
3/15/24 11:25,INC1790734,Network Problems,No internet connection,User guided through steps
1/14/24 4:10,INC4173861,VPN Issues,VPN connection dropping frequently,Hardware replaced
2/6/24 22:56,INC3219945,Application Issues,Application crashing on start,Resolved after troubleshooting
1/17/24 9:49,INC4814918,VPN Issues,VPN connection dropping frequently,Resolved after troubleshooting
3/15/24 17:01,INC9848290,Network Problems,Network drive not accessible,User guided through steps
2/20/24 9:42,INC3640536,Email Problems,Spam filter blocking legitimate emails,Escalated to higher tier
2/11/24 22:30,INC7493236,Email Problems,Not receiving email,Resolved after troubleshooting
1/29/24 21:58,INC3546530,VPN Issues,Unable to access certain sites over VPN,Escalated to higher tier
2/11/24 7:24,INC7757253,Login Issues,Password reset required,User guided through steps
1/8/24 14:23,INC7684279,Application Issues,Error message displayed in application,Resolved after troubleshooting
1/31/24 11:23,INC7516296,Hardware Issues,Screen flickering,User guided through steps
1/18/24 8:57,INC7079388,Application Issues,Feature not working as expected,Hardware replaced
2/4/24 19:24,INC1063123,VPN Issues,VPN connection dropping frequently,User guided through steps
3/5/24 17:44,INC6021912,Login Issues,Account locked out,Resolved after troubleshooting
1/6/24 4:35,INC7559968,Email Problems,Cannot send email,Resolved after troubleshooting
2/16/24 4:34,INC1999425,Email Problems,Email attachment too large,User guided through steps
1/4/24 8:57,INC5232844,Hardware Issues,Keyboard keys not working,User guided through steps
2/15/24 7:32,INC8826080,Network Problems,No internet connection,Escalated to higher tier
2/19/24 9:19,INC8606477,Application Issues,Application crashing on start,Resolved after troubleshooting
2/16/24 2:52,INC4607458,Hardware Issues,Keyboard keys not working,Resolved after troubleshooting
1/12/24 0:50,INC1584760,Network Problems,Network drive not accessible,Escalated to higher tier
1/12/24 10:52,INC2881829,Network Problems,WiFi keeps disconnecting,Escalated to higher tier
2/11/24 22:42,INC7913023,Application Issues,Feature not working as expected,Escalated to higher tier
2/11/24 0:12,INC5177780,Email Problems,Not receiving email,User guided through steps
2/14/24 2:16,INC3588043,VPN Issues,VPN not connecting,Resolved after troubleshooting
2/27/24 12:50,INC9682624,Network Problems,Network drive not accessible,Resolved after troubleshooting
2/4/24 19:34,INC8625244,Email Problems,Email attachment too large,Escalated to higher tier
1/13/24 9:54,INC4468638,Login Issues,Account locked out,Escalated to higher tier
2/16/24 8:30,INC6409146,VPN Issues,Unable to access certain sites over VPN,Escalated to higher tier
1/4/24 1:14,INC3740825,Hardware Issues,Printer not printing,User guided through steps
3/16/24 19:36,INC1661960,VPN Issues,Unable to access certain sites over VPN,Escalated to higher tier
2/7/24 5:57,INC9152972,Hardware Issues,Screen flickering,User guided through steps
1/27/24 9:02,INC2049160,Hardware Issues,Printer not printing,Escalated to higher tier
3/8/24 1:11,INC3610212,Email Problems,Cannot send email,Resolved after troubleshooting
2/10/24 23:08,INC2383079,VPN Issues,VPN not connecting,User guided through steps
1/27/24 9:56,INC5902633,Application Issues,Error message displayed in application,User guided through steps
2/4/24 0:42,INC5537780,VPN Issues,Unable to access certain sites over VPN,Hardware replaced
1/25/24 1:14,INC1677903,Application Issues,Application running very slowly,User guided through steps
2/20/24 16:42,INC9174835,Hardware Issues,Printer not printing,User guided through steps
1/9/24 5:00,INC6053144,Hardware Issues,Keyboard keys not working,Escalated to higher tier
1/17/24 7:35,INC5029788,Application Issues,Application crashing on start,User guided through steps
1/21/24 13:15,INC7326520,Email Problems,Not receiving email,Hardware replaced
1/14/24 19:23,INC8154930,Email Problems,Not receiving email,Hardware replaced
2/23/24 20:48,INC1717255,Email Problems,Cannot send email,Escalated to higher tier
1/8/24 0:18,INC3098426,Email Problems,Cannot send email,Escalated to higher tier
1/28/24 4:33,INC8787623,Hardware Issues,Computer not turning on,Resolved after troubleshooting
2/10/24 20:07,INC6284487,Login Issues,Account locked out,Hardware replaced
3/13/24 17:25,INC7540032,Network Problems,No internet connection,Resolved after troubleshooting
1/4/24 6:54,INC4306751,Hardware Issues,Computer not turning on,Resolved after troubleshooting
2/3/24 11:11,INC2985994,Login Issues,Unable to login to system,User guided through steps
2/6/24 5:56,INC1187218,Hardware Issues,Screen flickering,Escalated to higher tier
2/24/24 7:14,INC4772260,Hardware Issues,Printer not printing,User guided through steps
1/15/24 20:48,INC2121491,Login Issues,Password reset required,Resolved after troubleshooting
1/21/24 13:06,INC7269862,VPN Issues,Unable to access certain sites over VPN,Resolved after troubleshooting
2/9/24 21:12,INC3689695,Hardware Issues,Computer not turning on,Escalated to higher tier
2/17/24 3:31,INC6869123,Hardware Issues,Printer not printing,Hardware replaced
1/15/24 1:42,INC6451506,Login Issues,Account locked out,Resolved after troubleshooting
2/10/24 1:43,INC8824335,Network Problems,Slow internet speeds,User guided through steps
2/1/24 20:41,INC8546446,VPN Issues,Slow VPN connection speeds,User guided through steps
3/10/24 12:46,INC1996556,Application Issues,Feature not working as expected,Escalated to higher tier
2/7/24 19:20,INC5055466,Hardware Issues,Printer not printing,Resolved after troubleshooting
2/27/24 10:41,INC9050495,Email Problems,Cannot send email,Escalated to higher tier
2/27/24 15:44,INC3474464,Email Problems,Not receiving email,Escalated to higher tier
2/11/24 2:04,INC6752904,Login Issues,Account locked out,Resolved after troubleshooting
3/6/24 8:18,INC2743922,Email Problems,Not receiving email,Resolved after troubleshooting
2/8/24 4:20,INC4309897,Application Issues,Application crashing on start,Hardware replaced
1/14/24 15:45,INC1852712,Hardware Issues,Computer not turning on,Resolved after troubleshooting
2/1/24 3:57,INC4568522,Application Issues,Application crashing on start,User guided through steps
1/14/24 20:55,INC9558263,Network Problems,Slow internet speeds,Resolved after troubleshooting
2/20/24 1:17,INC2308054,Email Problems,Email attachment too large,Escalated to higher tier
2/17/24 0:44,INC3643320,Application Issues,Application running very slowly,Escalated to higher tier
2/16/24 10:36,INC6370216,Network Problems,Slow internet speeds,User guided through steps
1/9/24 1:23,INC2452027,Application Issues,Feature not working as expected,User guided through steps
3/5/24 0:18,INC7314616,VPN Issues,Unable to access certain sites over VPN,Escalated to higher tier
1/17/24 4:26,INC1212417,Email Problems,Cannot send email,User guided through steps
2/8/24 9:27,INC2754339,Email Problems,Spam filter blocking legitimate emails,Resolved after troubleshooting
3/7/24 12:25,INC5928399,Application Issues,Application crashing on start,User guided through steps
1/27/24 11:18,INC8757276,Email Problems,Cannot send email,Escalated to higher tier
2/26/24 12:05,INC3371669,VPN Issues,Slow VPN connection speeds,Hardware replaced
2/6/24 5:57,INC8657227,Hardware Issues,Keyboard keys not working,Escalated to higher tier
1/19/24 15:08,INC6312875,Email Problems,Cannot send email,Escalated to higher tier
3/9/24 1:33,INC5434431,Login Issues,Two-factor authentication not working,Resolved after troubleshooting
2/8/24 10:54,INC4722169,Application Issues,Application running very slowly,User guided through steps
3/16/24 19:45,INC7643378,Network Problems,WiFi keeps disconnecting,User guided through steps
3/11/24 2:09,INC7956142,Application Issues,Error message displayed in application,Hardware replaced
1/30/24 20:48,INC7663730,Email Problems,Not receiving email,User guided through steps
3/7/24 8:04,INC6362076,Network Problems,WiFi keeps disconnecting,Resolved after troubleshooting
2/3/24 4:45,INC8942449,Email Problems,Cannot send email,User guided through steps
2/2/24 2:45,INC1721734,Hardware Issues,Screen flickering,Escalated to higher tier
3/3/24 7:19,INC5874297,Login Issues,Password reset required,User guided through steps
3/8/24 17:53,INC1230999,Network Problems,No internet connection,Escalated to higher tier
2/20/24 18:01,INC7877882,Hardware Issues,Printer not printing,User guided through steps
3/4/24 23:01,INC6995661,Login Issues,Unable to login to system,User guided through steps
3/12/24 0:22,INC9316633,Application Issues,Error message displayed in application,Hardware replaced
2/22/24 21:57,INC2289680,Network Problems,WiFi keeps disconnecting,Resolved after troubleshooting
1/10/24 0:30,INC4031082,Application Issues,Application crashing on start,Escalated to higher tier
2/14/24 17:01,INC9707019,Login Issues,Two-factor authentication not working,Resolved after troubleshooting
2/27/24 10:20,INC7902293,Login Issues,Password reset required,Escalated to higher tier
3/10/24 12:26,INC6697895,Login Issues,Password reset required,User guided through steps
2/16/24 0:18,INC2089586,Network Problems,No internet connection,Resolved after troubleshooting
1/6/24 7:25,INC3508894,Application Issues,Feature not working as expected,Escalated to higher tier
1/24/24 20:42,INC1798733,Application Issues,Application crashing on start,User guided through steps
3/17/24 13:27,INC9072717,Application Issues,Error message displayed in application,User guided through steps
2/14/24 17:52,INC8591483,Network Problems,Network drive not accessible,User guided through steps
1/30/24 12:59,INC9455790,Hardware Issues,Keyboard keys not working,Escalated to higher tier
2/16/24 23:25,INC3484868,Login Issues,Unable to login to system,Hardware replaced
2/1/24 13:21,INC1492679,Email Problems,Email attachment too large,User guided through steps
2/13/24 0:35,INC9920601,Network Problems,WiFi keeps disconnecting,Resolved after troubleshooting
1/26/24 19:22,INC4674813,Network Problems,Slow internet speeds,Resolved after troubleshooting
1/18/24 5:06,INC1815698,Network Problems,Slow internet speeds,Resolved after troubleshooting
2/9/24 10:25,INC3823194,Network Problems,No internet connection,Hardware replaced
3/8/24 12:44,INC2229670,Application Issues,Error message displayed in application,Escalated to higher tier
2/3/24 3:03,INC1310308,VPN Issues,VPN connection dropping frequently,Resolved after troubleshooting
2/15/24 22:23,INC9755571,Email Problems,Cannot send email,User guided through steps
1/1/24 19:15,INC6744504,Hardware Issues,Screen flickering,Escalated to higher tier
1/24/24 10:38,INC6095885,Login Issues,Two-factor authentication not working,Escalated to higher tier
2/8/24 13:07,INC1818518,VPN Issues,VPN not connecting,Resolved after troubleshooting
3/8/24 16:27,INC3731526,Application Issues,Feature not working as expected,Resolved after troubleshooting
1/11/24 23:43,INC1325695,VPN Issues,Slow VPN connection speeds,Escalated to higher tier
3/10/24 6:56,INC8277327,Login Issues,Unable to login to system,User guided through steps
2/18/24 18:50,INC4393166,Email Problems,Not receiving email,Hardware replaced
1/17/24 22:07,INC7381402,Login Issues,Two-factor authentication not working,User guided through steps
2/16/24 11:18,INC1450351,Login Issues,Two-factor authentication not working,Resolved after troubleshooting
1/13/24 22:49,INC1997549,Hardware Issues,Screen flickering,User guided through steps
3/10/24 8:14,INC3015314,Application Issues,Error message displayed in application,Hardware replaced
2/2/24 2:39,INC9045789,VPN Issues,Unable to access certain sites over VPN,Hardware replaced
2/12/24 0:26,INC8061674,Hardware Issues,Keyboard keys not working,Hardware replaced
2/21/24 0:15,INC4938606,Login Issues,Two-factor authentication not working,Escalated to higher tier
2/15/24 21:56,INC3014394,Email Problems,Spam filter blocking legitimate emails,Hardware replaced
1/9/24 15:00,INC4035412,Network Problems,Network drive not accessible,User guided through steps
1/12/24 6:25,INC7317488,Email Problems,Cannot send email,User guided through steps
1/3/24 19:44,INC1188373,Network Problems,WiFi keeps disconnecting,User guided through steps
1/30/24 15:00,INC6423273,Hardware Issues,Screen flickering,User guided through steps
2/12/24 23:52,INC4982118,Login Issues,Account locked out,Escalated to higher tier
2/3/24 16:00,INC2616196,Network Problems,Slow internet speeds,Escalated to higher tier
3/13/24 16:14,INC2923320,Email Problems,Cannot send email,Resolved after troubleshooting
2/3/24 7:51,INC7519237,Hardware Issues,Printer not printing,Resolved after troubleshooting
1/31/24 19:10,INC1259127,Network Problems,Network drive not accessible,Escalated to higher tier
2/1/24 15:11,INC2529869,Email Problems,Cannot send email,User guided through steps
2/13/24 13:49,INC6303712,Email Problems,Not receiving email,Hardware replaced
1/5/24 10:43,INC5653665,Application Issues,Application crashing on start,Resolved after troubleshooting
2/16/24 0:20,INC4888859,Email Problems,Email attachment too large,Resolved after troubleshooting
1/11/24 8:11,INC6201231,Email Problems,Email attachment too large,User guided through steps
3/13/24 19:44,INC8860987,Network Problems,Slow internet speeds,Escalated to higher tier
3/5/24 10:43,INC9004849,Application Issues,Error message displayed in application,User guided through steps
2/7/24 11:06,INC3307243,VPN Issues,Unable to access certain sites over VPN,Escalated to higher tier
1/23/24 18:09,INC2251299,Email Problems,Cannot send email,Hardware replaced
2/20/24 5:20,INC9458054,Application Issues,Application running very slowly,User guided through steps
2/6/24 11:13,INC7502088,Application Issues,Application running very slowly,User guided through steps
1/4/24 21:58,INC3164681,Email Problems,Not receiving email,Escalated to higher tier
1/2/24 11:29,INC2816137,Email Problems,Not receiving email,Hardware replaced
1/18/24 17:25,INC2780774,Hardware Issues,Keyboard keys not working,Escalated to higher tier
2/12/24 0:21,INC9756386,Login Issues,Two-factor authentication not working,Escalated to higher tier
3/7/24 11:56,INC2058124,Hardware Issues,Computer not turning on,Hardware replaced
1/25/24 16:48,INC6357596,Application Issues,Application crashing on start,Hardware replaced
1/2/24 5:48,INC8230020,Login Issues,Password reset required,Escalated to higher tier
1/26/24 10:28,INC4871969,Application Issues,Application running very slowly,Escalated to higher tier
3/8/24 14:34,INC7535130,Email Problems,Spam filter blocking legitimate emails,Hardware replaced
1/15/24 9:05,INC4895861,Email Problems,Not receiving email,User guided through steps
3/11/24 21:13,INC3802248,Email Problems,Spam filter blocking legitimate emails,Hardware replaced
2/22/24 20:37,INC9153067,Network Problems,Slow internet speeds,User guided through steps
2/15/24 14:55,INC9901922,Network Problems,WiFi keeps disconnecting,User guided through steps
2/8/24 15:46,INC8164364,Network Problems,WiFi keeps disconnecting,Hardware replaced
2/12/24 23:23,INC9365071,Application Issues,Feature not working as expected,Resolved after troubleshooting
2/22/24 6:07,INC5985970,Login Issues,Two-factor authentication not working,Resolved after troubleshooting
3/15/24 21:59,INC4460432,VPN Issues,VPN not connecting,Resolved after troubleshooting
1/20/24 5:48,INC6815249,Hardware Issues,Printer not printing,User guided through steps
2/19/24 16:13,INC2144848,Network Problems,No internet connection,Resolved after troubleshooting
3/5/24 12:53,INC1821727,Hardware Issues,Computer not turning on,Resolved after troubleshooting
2/11/24 1:21,INC9491383,Hardware Issues,Computer not turning on,Resolved after troubleshooting
1/18/24 16:28,INC9578574,Email Problems,Email attachment too large,Escalated to higher tier
1/22/24 13:04,INC2032777,VPN Issues,VPN connection dropping frequently,Escalated to higher tier
2/27/24 17:43,INC3901463,Network Problems,WiFi keeps disconnecting,Resolved after troubleshooting
3/8/24 9:34,INC5518097,Email Problems,Email attachment too large,User guided through steps
1/17/24 7:32,INC5779346,Hardware Issues,Screen flickering,Resolved after troubleshooting
2/26/24 12:32,INC7849710,Hardware Issues,Screen flickering,Escalated to higher tier
2/23/24 14:38,INC3479193,Login Issues,Account locked out,Escalated to higher tier
1/11/24 4:32,INC5728335,Network Problems,Network drive not accessible,Escalated to higher tier
2/1/24 3:43,INC3383963,Hardware Issues,Printer not printing,Resolved after troubleshooting
1/22/24 4:27,INC5384204,Network Problems,WiFi keeps disconnecting,Hardware replaced
3/9/24 10:37,INC1542562,Network Problems,Network drive not accessible,User guided through steps
1/5/24 15:35,INC4774847,Login Issues,Two-factor authentication not working,Resolved after troubleshooting
1/28/24 8:24,INC5592672,Email Problems,Not receiving email,Hardware replaced
1/25/24 16:44,INC1347745,Application Issues,Feature not working as expected,User guided through steps
2/15/24 13:21,INC5436209,Network Problems,WiFi keeps disconnecting,Resolved after troubleshooting
3/13/24 21:26,INC4378098,Network Problems,WiFi keeps disconnecting,Hardware replaced
1/26/24 19:06,INC5987057,Application Issues,Feature not working as expected,Resolved after troubleshooting
2/5/24 11:40,INC6987692,Application Issues,Feature not working as expected,Resolved after troubleshooting
2/20/24 11:02,INC6222531,VPN Issues,Unable to access certain sites over VPN,Resolved after troubleshooting
2/15/24 6:56,INC2566616,Email Problems,Email attachment too large,User guided through steps
1/15/24 6:10,INC4454828,Application Issues,Application crashing on start,Resolved after troubleshooting
3/10/24 4:24,INC9381986,Hardware Issues,Printer not printing,Resolved after troubleshooting
1/18/24 18:47,INC6456405,Hardware Issues,Keyboard keys not working,Resolved after troubleshooting
1/24/24 10:15,INC8801465,Network Problems,Network drive not accessible,Escalated to higher tier
1/16/24 14:59,INC1676916,Network Problems,No internet connection,User guided through steps
1/1/24 4:26,INC5572421,Email Problems,Cannot send email,Hardware replaced
1/20/24 5:36,INC1106963,Network Problems,WiFi keeps disconnecting,Resolved after troubleshooting
1/21/24 10:40,INC1111910,Network Problems,No internet connection,User guided through steps
1/4/24 2:30,INC6062361,Email Problems,Not receiving email,Hardware replaced
2/29/24 4:26,INC7691191,VPN Issues,Unable to access certain sites over VPN,Hardware replaced
2/25/24 17:15,INC1370571,VPN Issues,VPN connection dropping frequently,Resolved after troubleshooting
1/30/24 18:14,INC9015942,Hardware Issues,Computer not turning on,Hardware replaced
1/8/24 6:19,INC6932393,Login Issues,Unable to login to system,User guided through steps
2/13/24 14:42,INC1572074,Email Problems,Spam filter blocking legitimate emails,Hardware replaced
2/6/24 18:13,INC7746553,Login Issues,Two-factor authentication not working,Resolved after troubleshooting
2/4/24 11:31,INC7146978,VPN Issues,Unable to access certain sites over VPN,User guided through steps
1/19/24 12:16,INC4266414,Hardware Issues,Keyboard keys not working,Escalated to higher tier
3/10/24 6:46,INC6944841,Email Problems,Spam filter blocking legitimate emails,Hardware replaced
3/8/24 4:29,INC4149164,VPN Issues,Slow VPN connection speeds,Resolved after troubleshooting
1/24/24 8:50,INC6587074,Application Issues,Feature not working as expected,User guided through steps
1/20/24 11:04,INC4563983,VPN Issues,Unable to access certain sites over VPN,Resolved after troubleshooting
2/3/24 3:43,INC4668784,Login Issues,Unable to login to system,Resolved after troubleshooting